{"direction":"ltr","id":"feed/http://newsrss.bbc.co.uk/rss/newsonline_world_edition/africa/rss.xml","title":"BBC News - Africa","description":"The latest stories from the Africa section of the BBC News web site.","continuation":"CMj4wrW1-6UC","self":[{"href":"http://www.google.com/reader/api/0/stream/contents/feed/http://newsrss.bbc.co.uk/rss/newsonline_world_edition/africa/rss.xml"}],"alternate":[{"href":"http://www.bbc.co.uk/go/rss/int/news/-/news/world/africa/","type":"text/html"}],"updated":1293036041,
"items":[{"isReadStateLocked":true,"crawlTimeMsec":"1293036041248","id":"tag:google.com,2005:reader/item/54e4e38e802cbaf2","categories":["user/06278703451334277493/state/com.google/read"],"title":"Four freed over deadly Togo raid","published":1293033644,"updated":1293033644,"alternate":[{"href":"http://www.bbc.co.uk/go/rss/int/news/-/news/world-africa-12061497","type":"text/html"}],"summary":{"direction":"ltr","content":"Four human rights activists in Angola jailed in connection with the deadly attack on the Togolese football team in January are freed."
},"likingUsers":[],"comments":[],"annotations":[],"origin":{"streamId":"feed/http://newsrss.bbc.co.uk/rss/newsonline_world_edition/africa/rss.xml","title":"BBC News - Africa","htmlUrl":"http://www.bbc.co.uk/go/rss/int/news/-/news/world/africa/"}},{"isReadStateLocked":true,"crawlTimeMsec":"1293031643726","id":"tag:google.com,2005:reader/item/c3de69bf924a2790","categories":["user/06278703451334277493/state/com.google/read"],"title":"Mauritius sues over marine park","published":1293029904,"updated":1293029904,
"alternate":[{"href":"http://www.bbc.co.uk/go/rss/int/news/-/news/world-africa-12058923","type":"text/html"}],"summary":{"direction":"ltr","content":"Mauritius launches a legal action against the UK to contest the creation of a marine park around its Indian Ocean territory, the Chagos Islands."},"likingUsers":[],"comments":[],"annotations":[],"origin":{"streamId":"feed/http://newsrss.bbc.co.uk/rss/newsonline_world_edition/africa/rss.xml","title":"BBC News - Africa","htmlUrl":"http://www.bbc.co.uk/go/rss/int/news/-/news/world/africa/"
}},{"isReadStateLocked":true,"crawlTimeMsec":"1293025881050","id":"tag:google.com,2005:reader/item/392f8da247817087","categories":["user/06278703451334277493/state/com.google/read"],"title":"Kenya calls for correct Fifa path","published":1293024210,"updated":1293024210,"alternate":[{"href":"http://news.bbc.co.uk/go/rss/int/news/-/sport2/hi/football/africa/9313077.stm","type":"text/html"}],"summary":{"direction":"ltr","content":"The Kenya Football Federation says football's world governing body needs to follow correct procedure before announcing new administrative elections."
},"likingUsers":[],"comments":[],"annotations":[],"origin":{"streamId":"feed/http://newsrss.bbc.co.uk/rss/newsonline_world_edition/africa/rss.xml","title":"BBC News - Africa","htmlUrl":"http://www.bbc.co.uk/go/rss/int/news/-/news/world/africa/"}},{"isReadStateLocked":true,"crawlTimeMsec":"1293022811238","id":"tag:google.com,2005:reader/item/3a76cfaaf2f6c2c8","categories":["user/06278703451334277493/state/com.google/read"],"title":"Zambia President backs Fifa help","published":1293021947,"updated":1293021947,
"alternate":[{"href":"http://news.bbc.co.uk/go/rss/int/news/-/sport2/hi/football/africa/9312881.stm","type":"text/html"}],"summary":{"direction":"ltr","content":"Zambian President Rupiah Banda is delighted that Fifa is addressing the wrangles within the Zambian FA."},"likingUsers":[],"comments":[],"annotations":[],"origin":{"streamId":"feed/http://newsrss.bbc.co.uk/rss/newsonline_world_edition/africa/rss.xml","title":"BBC News - Africa","htmlUrl":"http://www.bbc.co.uk/go/rss/int/news/-/news/world/africa/"
}},{"isReadStateLocked":true,"crawlTimeMsec":"1293017649378","id":"tag:google.com,2005:reader/item/344819296a024b8a","categories":["user/06278703451334277493/state/com.google/read"],"title":"French urged to leave Ivory Coast","published":1293051126,"updated":1293051126,"alternate":[{"href":"http://www.bbc.co.uk/go/rss/int/news/-/news/world-africa-12060037","type":"text/html"}],"summary":{"direction":"ltr","content":"The French government urges its nationals in Ivory Coast to leave, as a crisis over disputed elections continues."
},"likingUsers":[],"comments":[],"annotations":[],"origin":{"streamId":"feed/http://newsrss.bbc.co.uk/rss/newsonline_world_edition/africa/rss.xml","title":"BBC News - Africa","htmlUrl":"http://www.bbc.co.uk/go/rss/int/news/-/news/world/africa/"}},{"isReadStateLocked":true,"crawlTimeMsec":"1293017649377","id":"tag:google.com,2005:reader/item/e7428f4cf9569093","categories":["user/06278703451334277493/state/com.google/read"],"title":"Looted legacy","published":1293016476,"updated":1293016476,"alternate":[
{"href":"http://www.bbc.co.uk/go/rss/int/news/-/news/world-africa-12058279","type":"text/html"}],"summary":{"direction":"ltr","content":"Is Nigerian nationalism worth dying for?"},"likingUsers":[],"comments":[],"annotations":[],"origin":{"streamId":"feed/http://newsrss.bbc.co.uk/rss/newsonline_world_edition/africa/rss.xml","title":"BBC News - Africa","htmlUrl":"http://www.bbc.co.uk/go/rss/int/news/-/news/world/africa/"}},{"isReadStateLocked":true,"crawlTimeMsec":"1293011073052","id":"tag:google.com,2005:reader/item/323b17a7c7a8ac89",
"categories":["user/06278703451334277493/state/com.google/read"],"title":"African elephant 'is two species'","published":1292968406,"updated":1292968406,"alternate":[{"href":"http://www.bbc.co.uk/go/rss/int/news/-/news/science-environment-12054343","type":"text/html"}],"summary":{"direction":"ltr","content":"Genetic research claims to have resolved a long-standing issue by showing that African bush and forest elephants are distinct species."},"likingUsers":[],"comments":[],"annotations":[],"origin":{
"streamId":"feed/http://newsrss.bbc.co.uk/rss/newsonline_world_edition/africa/rss.xml","title":"BBC News - Africa","htmlUrl":"http://www.bbc.co.uk/go/rss/int/news/-/news/world/africa/"}},{"isReadStateLocked":true,"crawlTimeMsec":"1293009061013","id":"tag:google.com,2005:reader/item/64d3a3557cc1ecba","categories":["user/06278703451334277493/state/com.google/read"],"title":"Cocoa high","published":1293006658,"updated":1293006658,"alternate":[{"href":"http://www.bbc.co.uk/go/rss/int/news/-/news/world-africa-12047762",
"type":"text/html"}],"summary":{"direction":"ltr","content":"Will Ivory Coast turmoil make chocolate more expensive?"},"likingUsers":[],"comments":[],"annotations":[],"origin":{"streamId":"feed/http://newsrss.bbc.co.uk/rss/newsonline_world_edition/africa/rss.xml","title":"BBC News - Africa","htmlUrl":"http://www.bbc.co.uk/go/rss/int/news/-/news/world/africa/"}},{"isReadStateLocked":true,"crawlTimeMsec":"1292978449446","id":"tag:google.com,2005:reader/item/702bf28edaaa46c9","categories":["user/06278703451334277493/state/com.google/read"
],"title":"UN chief warns of Ivory Coast war","published":1293015223,"updated":1293015223,"alternate":[{"href":"http://www.bbc.co.uk/go/rss/int/news/-/news/world-africa-12056444","type":"text/html"}],"summary":{"direction":"ltr","content":"The UN secretary-general warns there is a \"real risk\" of a return to civil war in Ivory Coast after the disputed presidential election."},"likingUsers":[],"comments":[],"annotations":[],"origin":{"streamId":"feed/http://newsrss.bbc.co.uk/rss/newsonline_world_edition/africa/rss.xml",
"title":"BBC News - Africa","htmlUrl":"http://www.bbc.co.uk/go/rss/int/news/-/news/world/africa/"}},{"isReadStateLocked":true,"crawlTimeMsec":"1292950005958","id":"tag:google.com,2005:reader/item/f3c066b303818a0e","categories":["user/06278703451334277493/state/com.google/read"],"title":"Kenya blast 'caused by grenade'","published":1292947914,"updated":1292947914,"alternate":[{"href":"http://www.bbc.co.uk/go/rss/int/news/-/news/world-africa-12053007","type":"text/html"}],"summary":{"direction":"ltr",
"content":"A blast at a bus station in the Kenyan capital, Nairobi, was caused by a Tanzanian who dropped a grenade, the country's chief of police says."},"likingUsers":[],"comments":[],"annotations":[],"origin":{"streamId":"feed/http://newsrss.bbc.co.uk/rss/newsonline_world_edition/africa/rss.xml","title":"BBC News - Africa","htmlUrl":"http://www.bbc.co.uk/go/rss/int/news/-/news/world/africa/"}},{"isReadStateLocked":true,"crawlTimeMsec":"1292948145364","id":"tag:google.com,2005:reader/item/68ad42c613dd1592",
"categories":["user/06278703451334277493/state/com.google/read"],"title":"Scotland 'pressured over Megrahi'","published":1292947479,"updated":1292947479,"alternate":[{"href":"http://www.bbc.co.uk/go/rss/int/news/-/news/world-us-canada-12053679","type":"text/html"}],"summary":{"direction":"ltr","content":"A US Congressional investigation into the release of the convicted Lockerbie bomber, Abdelbasset al-Megrahi, says Scotland was pressured to free him."},"likingUsers":[],"comments":[],"annotations":[
],"origin":{"streamId":"feed/http://newsrss.bbc.co.uk/rss/newsonline_world_edition/africa/rss.xml","title":"BBC News - Africa","htmlUrl":"http://www.bbc.co.uk/go/rss/int/news/-/news/world/africa/"}},{"isReadStateLocked":true,"crawlTimeMsec":"1292948145363","id":"tag:google.com,2005:reader/item/5393e0c160cb7643","categories":["user/06278703451334277493/state/com.google/read"],"title":"Eto'o rejects Africa's best talk","published":1292945808,"updated":1292945808,"alternate":[{"href":"http://news.bbc.co.uk/go/rss/int/news/-/sport2/hi/football/africa/9310290.stm",
"type":"text/html"}],"summary":{"direction":"ltr","content":"The African Footballer of 2010, Samuel Eto'o, denies he is Africa's greatest ever after winning a record fourth title."},"likingUsers":[],"comments":[],"annotations":[],"origin":{"streamId":"feed/http://newsrss.bbc.co.uk/rss/newsonline_world_edition/africa/rss.xml","title":"BBC News - Africa","htmlUrl":"http://www.bbc.co.uk/go/rss/int/news/-/news/world/africa/"}},{"isReadStateLocked":true,"crawlTimeMsec":"1292933639637","id":"tag:google.com,2005:reader/item/ff1431dc14d20b85",
"categories":["user/06278703451334277493/state/com.google/read"],"title":"Faz latest: Fifa backs Bwalya","published":1292932650,"updated":1292932650,"alternate":[{"href":"http://news.bbc.co.uk/go/rss/int/news/-/sport2/hi/football/africa/9308715.stm","type":"text/html"}],"summary":{"direction":"ltr","content":"Fifa reiterates its support for the Zambian FA chairman."},"likingUsers":[],"comments":[],"annotations":[],"origin":{"streamId":"feed/http://newsrss.bbc.co.uk/rss/newsonline_world_edition/africa/rss.xml",
"title":"BBC News - Africa","htmlUrl":"http://www.bbc.co.uk/go/rss/int/news/-/news/world/africa/"}},{"isReadStateLocked":true,"crawlTimeMsec":"1292931813505","id":"tag:google.com,2005:reader/item/70441acbd7d4a372","categories":["user/06278703451334277493/state/com.google/read"],"title":"BAE fined over Tanzania payments","published":1292928189,"updated":1292928189,"alternate":[{"href":"http://www.bbc.co.uk/go/rss/int/news/-/news/business-12049723","type":"text/html"}],"summary":{"direction":"ltr",
"content":"BAE Systems is fined £500,000 for failing to keep proper records of payments to an adviser on a Tanzania radar deal."},"likingUsers":[],"comments":[],"annotations":[],"origin":{"streamId":"feed/http://newsrss.bbc.co.uk/rss/newsonline_world_edition/africa/rss.xml","title":"BBC News - Africa","htmlUrl":"http://www.bbc.co.uk/go/rss/int/news/-/news/world/africa/"}},{"isReadStateLocked":true,"crawlTimeMsec":"1292928129390","id":"tag:google.com,2005:reader/item/67df05620434040f","categories":[
"user/06278703451334277493/state/com.google/read"],"title":"Gbagbo ally warns of 'UN rebels'","published":1292953715,"updated":1292953715,"alternate":[{"href":"http://www.bbc.co.uk/go/rss/int/news/-/news/world-africa-12048259","type":"text/html"}],"summary":{"direction":"ltr","content":"An ally of Ivory Coast's incumbent President Laurent Gbagbo warns UN peacekeepers they could be treated as rebels if they remain in the country after being told to leave."},"likingUsers":[],"comments":[],"annotations":[
],"origin":{"streamId":"feed/http://newsrss.bbc.co.uk/rss/newsonline_world_edition/africa/rss.xml","title":"BBC News - Africa","htmlUrl":"http://www.bbc.co.uk/go/rss/int/news/-/news/world/africa/"}},{"isReadStateLocked":true,"crawlTimeMsec":"1292920927001","id":"tag:google.com,2005:reader/item/75e85a362daac24b","categories":["user/06278703451334277493/state/com.google/read"],"title":"Red army","published":1292920482,"updated":1292920482,"alternate":[{"href":"http://www.bbc.co.uk/go/rss/int/news/-/news/world-11881792",
"type":"text/html"}],"summary":{"direction":"ltr","content":"Spectacular ritual as Masai warriors become elders"},"likingUsers":[],"comments":[],"annotations":[],"origin":{"streamId":"feed/http://newsrss.bbc.co.uk/rss/newsonline_world_edition/africa/rss.xml","title":"BBC News - Africa","htmlUrl":"http://www.bbc.co.uk/go/rss/int/news/-/news/world/africa/"}},{"isReadStateLocked":true,"crawlTimeMsec":"1292881789105","id":"tag:google.com,2005:reader/item/6026ec24d8f76a04","categories":["user/06278703451334277493/state/com.google/read"
],"title":"Deadly bus station blast in Kenya","published":1292924988,"updated":1292924988,"alternate":[{"href":"http://www.bbc.co.uk/go/rss/int/news/-/news/world-africa-12045753","type":"text/html"}],"summary":{"direction":"ltr","content":"At least three people are killed by a bomb explosion on a bus taking travellers from Kenya's capital, Nairobi, to Uganda for Christmas, police say, following warnings of attacks by Somali militants."},"likingUsers":[],"comments":[],"annotations":[],"origin":{"streamId":"feed/http://newsrss.bbc.co.uk/rss/newsonline_world_edition/africa/rss.xml",
"title":"BBC News - Africa","htmlUrl":"http://www.bbc.co.uk/go/rss/int/news/-/news/world/africa/"}},{"isReadStateLocked":true,"crawlTimeMsec":"1292879473851","id":"tag:google.com,2005:reader/item/c803d7f7e1bf92a3","categories":["user/06278703451334277493/state/com.google/read"],"title":"Eto'o wins record African award","published":1292877960,"updated":1292877960,"alternate":[{"href":"http://news.bbc.co.uk/go/rss/int/news/-/sport2/hi/football/africa/9307060.stm","type":"text/html"}],"summary":{"direction":"ltr",
"content":"Cameroon's Samuel Eto'o becomes the first man to be named African Player of the Year for a fourth time."},"likingUsers":[],"comments":[],"annotations":[],"origin":{"streamId":"feed/http://newsrss.bbc.co.uk/rss/newsonline_world_edition/africa/rss.xml","title":"BBC News - Africa","htmlUrl":"http://www.bbc.co.uk/go/rss/int/news/-/news/world/africa/"}},{"isReadStateLocked":true,"crawlTimeMsec":"1292874350958","id":"tag:google.com,2005:reader/item/98ca12bac68eea96","categories":["user/06278703451334277493/state/com.google/read"
],"title":"UN urges recognition of Ouattara","published":1292886011,"updated":1292886011,"alternate":[{"href":"http://www.bbc.co.uk/go/rss/int/news/-/news/world-africa-12045387","type":"text/html"}],"summary":{"direction":"ltr","content":"The UN Security Council urges recognition of Alassane Ouattara as Ivory Coast's president and extends the UN peacekeeping mandate."},"likingUsers":[],"comments":[],"annotations":[],"origin":{"streamId":"feed/http://newsrss.bbc.co.uk/rss/newsonline_world_edition/africa/rss.xml",
"title":"BBC News - Africa","htmlUrl":"http://www.bbc.co.uk/go/rss/int/news/-/news/world/africa/"}},{"isReadStateLocked":true,"crawlTimeMsec":"1292871834315","id":"tag:google.com,2005:reader/item/5794f7b697a61195","categories":["user/06278703451334277493/state/com.google/read"],"title":"Trafficked Gabon children rescued","published":1292869849,"updated":1292869849,"alternate":[{"href":"http://www.bbc.co.uk/go/rss/int/news/-/news/world-africa-12044782","type":"text/html"}],"summary":{"direction":"ltr",
"content":"More than 140 children have been rescued after being forced to work in markets in Gabon, says international police agency Interpol."},"likingUsers":[],"comments":[],"annotations":[],"origin":{"streamId":"feed/http://newsrss.bbc.co.uk/rss/newsonline_world_edition/africa/rss.xml","title":"BBC News - Africa","htmlUrl":"http://www.bbc.co.uk/go/rss/int/news/-/news/world/africa/"}}]}